Province,CODE,Year,Population
Bangkok Metropolis,TH-10,2553,5701394
Bangkok Metropolis,TH-10,2554,5674843
Bangkok Metropolis,TH-10,2555,5673560
Bangkok Metropolis,TH-10,2556,5686252
Bangkok Metropolis,TH-10,2557,5692284
Bangkok Metropolis,TH-10,2558,5696409
Bangkok Metropolis,TH-10,2559,5686646
Bangkok Metropolis,TH-10,2560,5682415
Bangkok Metropolis,TH-10,2561,5676648
Bangkok Metropolis,TH-10,2562,5666264
Samut Prakan,TH-11,2553,1185180
Samut Prakan,TH-11,2554,1203223
Samut Prakan,TH-11,2555,1223302
Samut Prakan,TH-11,2556,1241610
Samut Prakan,TH-11,2557,1261530
Samut Prakan,TH-11,2558,1279310
Samut Prakan,TH-11,2559,1293553
Samut Prakan,TH-11,2560,1310766
Samut Prakan,TH-11,2561,1326608
Samut Prakan,TH-11,2562,1344875
Pathum Thani,TH-13,2553,985643
Pathum Thani,TH-13,2554,1010898
Pathum Thani,TH-13,2555,1033837
Pathum Thani,TH-13,2556,1053158
Pathum Thani,TH-13,2557,1074058
Pathum Thani,TH-13,2558,1094249
Pathum Thani,TH-13,2559,1111376
Pathum Thani,TH-13,2560,1129115
Pathum Thani,TH-13,2561,1146092
Pathum Thani,TH-13,2562,1163604
Phra Nakhon Si Ayutthaya,TH-14,2553,782096
Phra Nakhon Si Ayutthaya,TH-14,2554,787653
Phra Nakhon Si Ayutthaya,TH-14,2555,793509
Phra Nakhon Si Ayutthaya,TH-14,2556,797970
Phra Nakhon Si Ayutthaya,TH-14,2557,803599
Phra Nakhon Si Ayutthaya,TH-14,2558,808360
Phra Nakhon Si Ayutthaya,TH-14,2559,810320
Phra Nakhon Si Ayutthaya,TH-14,2560,813852
Phra Nakhon Si Ayutthaya,TH-14,2561,817441
Phra Nakhon Si Ayutthaya,TH-14,2562,820188
Ang Thong,TH-15,2553,284970
Ang Thong,TH-15,2554,284061
Ang Thong,TH-15,2555,283882
Ang Thong,TH-15,2556,283732
Ang Thong,TH-15,2557,283568
Ang Thong,TH-15,2558,283173
Ang Thong,TH-15,2559,282404
Ang Thong,TH-15,2560,281187
Ang Thong,TH-15,2561,280840
Ang Thong,TH-15,2562,279654
Lop Buri,TH-16,2553,755854
Lop Buri,TH-16,2554,756127
Lop Buri,TH-16,2555,758059
Lop Buri,TH-16,2556,757970
Lop Buri,TH-16,2557,758406
Lop Buri,TH-16,2558,758655
Lop Buri,TH-16,2559,757321
Lop Buri,TH-16,2560,757273
Lop Buri,TH-16,2561,758733
Lop Buri,TH-16,2562,755556
Sing Buri,TH-17,2553,214661
Sing Buri,TH-17,2554,213587
Sing Buri,TH-17,2555,213216
Sing Buri,TH-17,2556,212690
Sing Buri,TH-17,2557,212158
Sing Buri,TH-17,2558,211426
Sing Buri,TH-17,2559,210588
Sing Buri,TH-17,2560,210088
Sing Buri,TH-17,2561,209377
Sing Buri,TH-17,2562,208446
Chai Nat,TH-18,2553,334934
Chai Nat,TH-18,2554,333256
Chai Nat,TH-18,2555,333172
Chai Nat,TH-18,2556,332769
Chai Nat,TH-18,2557,332283
Chai Nat,TH-18,2558,331655
Chai Nat,TH-18,2559,330431
Chai Nat,TH-18,2560,329722
Chai Nat,TH-18,2561,328263
Chai Nat,TH-18,2562,326611
Saraburi,TH-19,2553,617384
Saraburi,TH-19,2554,620454
Saraburi,TH-19,2555,625689
Saraburi,TH-19,2556,629216
Saraburi,TH-19,2557,633460
Saraburi,TH-19,2558,637673
Saraburi,TH-19,2559,640065
Saraburi,TH-19,2560,642040
Saraburi,TH-19,2561,645024
Saraburi,TH-19,2562,645911
Chon Buri,TH-20,2553,1316293
Chon Buri,TH-20,2554,1338656
Chon Buri,TH-20,2555,1364002
Chon Buri,TH-20,2556,1390354
Chon Buri,TH-20,2557,1421425
Chon Buri,TH-20,2558,1455039
Chon Buri,TH-20,2559,1483049
Chon Buri,TH-20,2560,1509125
Chon Buri,TH-20,2561,1535445
Chon Buri,TH-20,2562,1558301
Rayong,TH-21,2553,626402
Rayong,TH-21,2554,637736
Rayong,TH-21,2555,649275
Rayong,TH-21,2556,661220
Rayong,TH-21,2557,674393
Rayong,TH-21,2558,688999
Rayong,TH-21,2559,700223
Rayong,TH-21,2560,711236
Rayong,TH-21,2561,723316
Rayong,TH-21,2562,734753
Chanthaburi,TH-22,2553,514616
Chanthaburi,TH-22,2554,516855
Chanthaburi,TH-22,2555,521812
Chanthaburi,TH-22,2556,524260
Chanthaburi,TH-22,2557,527350
Chanthaburi,TH-22,2558,531037
Chanthaburi,TH-22,2559,532466
Chanthaburi,TH-22,2560,534459
Chanthaburi,TH-22,2561,536496
Chanthaburi,TH-22,2562,537698
Trat,TH-23,2553,220921
Trat,TH-23,2554,222013
Trat,TH-23,2555,222855
Trat,TH-23,2556,224010
Trat,TH-23,2557,224730
Trat,TH-23,2558,229435
Trat,TH-23,2559,229437
Trat,TH-23,2560,229649
Trat,TH-23,2561,229914
Trat,TH-23,2562,229958
Chachoengsao,TH-24,2553,673933
Chachoengsao,TH-24,2554,679370
Chachoengsao,TH-24,2555,685721
Chachoengsao,TH-24,2556,690226
Chachoengsao,TH-24,2557,695478
Chachoengsao,TH-24,2558,700902
Chachoengsao,TH-24,2559,704399
Chachoengsao,TH-24,2560,709889
Chachoengsao,TH-24,2561,715009
Chachoengsao,TH-24,2562,720113
Prachin Buri,TH-25,2553,466572
Prachin Buri,TH-25,2554,469652
Prachin Buri,TH-25,2555,473770
Prachin Buri,TH-25,2556,476167
Prachin Buri,TH-25,2557,479314
Prachin Buri,TH-25,2558,482195
Prachin Buri,TH-25,2559,484829
Prachin Buri,TH-25,2560,487544
Prachin Buri,TH-25,2561,491640
Prachin Buri,TH-25,2562,494680
Nakhon Nayok,TH-26,2553,252734
Nakhon Nayok,TH-26,2554,253831
Nakhon Nayok,TH-26,2555,255174
Nakhon Nayok,TH-26,2556,256085
Nakhon Nayok,TH-26,2557,257300
Nakhon Nayok,TH-26,2558,258577
Nakhon Nayok,TH-26,2559,258358
Nakhon Nayok,TH-26,2560,259342
Nakhon Nayok,TH-26,2561,260093
Nakhon Nayok,TH-26,2562,260751
Sa Kaeo,TH-27,2553,544100
Sa Kaeo,TH-27,2554,545596
Sa Kaeo,TH-27,2555,548342
Sa Kaeo,TH-27,2556,550937
Sa Kaeo,TH-27,2557,552187
Sa Kaeo,TH-27,2558,556922
Sa Kaeo,TH-27,2559,559017
Sa Kaeo,TH-27,2560,561938
Sa Kaeo,TH-27,2561,564092
Sa Kaeo,TH-27,2562,566303
Ratchaburi,TH-30,2553,839075
Ratchaburi,TH-30,2554,842684
Ratchaburi,TH-30,2555,846631
Ratchaburi,TH-30,2556,850162
Ratchaburi,TH-30,2557,853217
Ratchaburi,TH-30,2558,867883
Ratchaburi,TH-30,2559,869823
Ratchaburi,TH-30,2560,871714
Ratchaburi,TH-30,2561,873518
Ratchaburi,TH-30,2562,873101
Kanchanaburi,TH-31,2553,839776
Kanchanaburi,TH-31,2554,838914
Kanchanaburi,TH-31,2555,838269
Kanchanaburi,TH-31,2556,842882
Kanchanaburi,TH-31,2557,848198
Kanchanaburi,TH-31,2558,882146
Kanchanaburi,TH-31,2559,885112
Kanchanaburi,TH-31,2560,887979
Kanchanaburi,TH-31,2561,893151
Kanchanaburi,TH-31,2562,895525
Suphan Buri,TH-32,2553,845850
Suphan Buri,TH-32,2554,845053
Suphan Buri,TH-32,2555,847308
Suphan Buri,TH-32,2556,848066
Suphan Buri,TH-32,2557,849053
Suphan Buri,TH-32,2558,849699
Suphan Buri,TH-32,2559,848567
Suphan Buri,TH-32,2560,852003
Suphan Buri,TH-32,2561,848720
Suphan Buri,TH-32,2562,846334
Nakhon Pathom,TH-33,2553,860246
Nakhon Pathom,TH-33,2554,866064
Nakhon Pathom,TH-33,2555,874616
Nakhon Pathom,TH-33,2556,882184
Nakhon Pathom,TH-33,2557,891071
Nakhon Pathom,TH-33,2558,899342
Nakhon Pathom,TH-33,2559,905008
Nakhon Pathom,TH-33,2560,911492
Nakhon Pathom,TH-33,2561,917053
Nakhon Pathom,TH-33,2562,920030
Samut Sakhon,TH-34,2553,491887
Samut Sakhon,TH-34,2554,499098
Samut Sakhon,TH-34,2555,508812
Samut Sakhon,TH-34,2556,519457
Samut Sakhon,TH-34,2557,531887
Samut Sakhon,TH-34,2558,545454
Samut Sakhon,TH-34,2559,556719
Samut Sakhon,TH-34,2560,568465
Samut Sakhon,TH-34,2561,577964
Samut Sakhon,TH-34,2562,584703
Samut Songkhram,TH-35,2553,194057
Samut Songkhram,TH-35,2554,194086
Samut Songkhram,TH-35,2555,194042
Samut Songkhram,TH-35,2556,194116
Samut Songkhram,TH-35,2557,194189
Samut Songkhram,TH-35,2558,194376
Samut Songkhram,TH-35,2559,194069
Samut Songkhram,TH-35,2560,193902
Samut Songkhram,TH-35,2561,193791
Samut Songkhram,TH-35,2562,193305
Phetchaburi,TH-36,2553,464033
Phetchaburi,TH-36,2554,466079
Phetchaburi,TH-36,2555,468874
Phetchaburi,TH-36,2556,471087
Phetchaburi,TH-36,2557,474192
Phetchaburi,TH-36,2558,478589
Phetchaburi,TH-36,2559,480652
Phetchaburi,TH-36,2560,482375
Phetchaburi,TH-36,2561,484294
Phetchaburi,TH-36,2562,485191
Prachuap Khiri Khan,TH-37,2553,509134
Prachuap Khiri Khan,TH-37,2554,512568
Prachuap Khiri Khan,TH-37,2555,517050
Prachuap Khiri Khan,TH-37,2556,520271
Prachuap Khiri Khan,TH-37,2557,525107
Prachuap Khiri Khan,TH-37,2558,534719
Prachuap Khiri Khan,TH-37,2559,539534
Prachuap Khiri Khan,TH-37,2560,543979
Prachuap Khiri Khan,TH-37,2561,548815
Prachuap Khiri Khan,TH-37,2562,554116
Chiang Mai,TH-38,2553,1640479
Chiang Mai,TH-38,2554,1646144
Chiang Mai,TH-38,2555,1655642
Chiang Mai,TH-38,2556,1666888
Chiang Mai,TH-38,2557,1678284
Chiang Mai,TH-38,2558,1728242
Chiang Mai,TH-38,2559,1735762
Chiang Mai,TH-38,2560,1746840
Chiang Mai,TH-38,2561,1763742
Chiang Mai,TH-38,2562,1779254
Lamphun,TH-39,2553,404560
Lamphun,TH-39,2554,403952
Lamphun,TH-39,2555,404673
Lamphun,TH-39,2556,405268
Lamphun,TH-39,2557,405468
Lamphun,TH-39,2558,406385
Lamphun,TH-39,2559,405999
Lamphun,TH-39,2560,405918
Lamphun,TH-39,2561,405955
Lamphun,TH-39,2562,405075
Lampang,TH-40,2553,761949
Lampang,TH-40,2554,757534
Lampang,TH-40,2555,756811
Lampang,TH-40,2556,754862
Lampang,TH-40,2557,753013
Lampang,TH-40,2558,752356
Lampang,TH-40,2559,748850
Lampang,TH-40,2560,746547
Lampang,TH-40,2561,742883
Lampang,TH-40,2562,738316
Uttaradit,TH-41,2553,462618
Uttaradit,TH-41,2554,461040
Uttaradit,TH-41,2555,461294
Uttaradit,TH-41,2556,460995
Uttaradit,TH-41,2557,460400
Uttaradit,TH-41,2558,459768
Uttaradit,TH-41,2559,458197
Uttaradit,TH-41,2560,457092
Uttaradit,TH-41,2561,455403
Uttaradit,TH-41,2562,453103
Phrae,TH-42,2553,460756
Phrae,TH-42,2554,458750
Phrae,TH-42,2555,457607
Phrae,TH-42,2556,456074
Phrae,TH-42,2557,454083
Phrae,TH-42,2558,452346
Phrae,TH-42,2559,449810
Phrae,TH-42,2560,447564
Phrae,TH-42,2561,445090
Phrae,TH-42,2562,441726
Nan,TH-43,2553,476363
Nan,TH-43,2554,476612
Nan,TH-43,2555,477673
Nan,TH-43,2556,477912
Nan,TH-43,2557,478264
Nan,TH-43,2558,479518
Nan,TH-43,2559,479916
Nan,TH-43,2560,479838
Nan,TH-43,2561,478989
Nan,TH-43,2562,478227
Phayao,TH-44,2553,486304
Phayao,TH-44,2554,486472
Phayao,TH-44,2555,488120
Phayao,TH-44,2556,486744
Phayao,TH-44,2557,484454
Phayao,TH-44,2558,482645
Phayao,TH-44,2559,479188
Phayao,TH-44,2560,477100
Phayao,TH-44,2561,475215
Phayao,TH-44,2562,472356
Chiang Rai,TH-45,2553,1198218
Chiang Rai,TH-45,2554,1198656
Chiang Rai,TH-45,2555,1200423
Chiang Rai,TH-45,2556,1204660
Chiang Rai,TH-45,2557,1207699
Chiang Rai,TH-45,2558,1277950
Chiang Rai,TH-45,2559,1282544
Chiang Rai,TH-45,2560,1287615
Chiang Rai,TH-45,2561,1292130
Chiang Rai,TH-45,2562,1298304
Mae Hong Son,TH-46,2553,242742
Mae Hong Son,TH-46,2554,244048
Mae Hong Son,TH-46,2555,244356
Mae Hong Son,TH-46,2556,246549
Mae Hong Son,TH-46,2557,248178
Mae Hong Son,TH-46,2558,273764
Mae Hong Son,TH-46,2559,275884
Mae Hong Son,TH-46,2560,279088
Mae Hong Son,TH-46,2561,282566
Mae Hong Son,TH-46,2562,284138
Nakhon Sawan,TH-47,2553,1073495
Nakhon Sawan,TH-47,2554,1071686
Nakhon Sawan,TH-47,2555,1073347
Nakhon Sawan,TH-47,2556,1073142
Nakhon Sawan,TH-47,2557,1072756
Nakhon Sawan,TH-47,2558,1071942
Nakhon Sawan,TH-47,2559,1066455
Nakhon Sawan,TH-47,2560,1065334
Nakhon Sawan,TH-47,2561,1063964
Nakhon Sawan,TH-47,2562,1059887
Uthai Thani,TH-48,2553,327959
Uthai Thani,TH-48,2554,328034
Uthai Thani,TH-48,2555,328950
Uthai Thani,TH-48,2556,329536
Uthai Thani,TH-48,2557,330179
Uthai Thani,TH-48,2558,330906
Uthai Thani,TH-48,2559,330299
Uthai Thani,TH-48,2560,329942
Uthai Thani,TH-48,2561,329433
Uthai Thani,TH-48,2562,328618
Kamphaeng Phet,TH-49,2553,727093
Kamphaeng Phet,TH-49,2554,726009
Kamphaeng Phet,TH-49,2555,727555
Kamphaeng Phet,TH-49,2556,728631
Kamphaeng Phet,TH-49,2557,729522
Kamphaeng Phet,TH-49,2558,730158
Kamphaeng Phet,TH-49,2559,729542
Kamphaeng Phet,TH-49,2560,729133
Kamphaeng Phet,TH-49,2561,727807
Kamphaeng Phet,TH-49,2562,725867
Tak,TH-50,2553,525684
Tak,TH-50,2554,531018
Tak,TH-50,2555,526045
Tak,TH-50,2556,532353
Tak,TH-50,2557,539553
Tak,TH-50,2558,618382
Tak,TH-50,2559,631965
Tak,TH-50,2560,644267
Tak,TH-50,2561,654676
Tak,TH-50,2562,665620
Sukhothai,TH-51,2553,601778
Sukhothai,TH-51,2554,601504
Sukhothai,TH-51,2555,602601
Sukhothai,TH-51,2556,602713
Sukhothai,TH-51,2557,602460
Sukhothai,TH-51,2558,601712
Sukhothai,TH-51,2559,600231
Sukhothai,TH-51,2560,599319
Sukhothai,TH-51,2561,597257
Sukhothai,TH-51,2562,595072
Phitsanulok,TH-52,2553,849692
Phitsanulok,TH-52,2554,851357
Phitsanulok,TH-52,2555,854372
Phitsanulok,TH-52,2556,856376
Phitsanulok,TH-52,2557,858988
Phitsanulok,TH-52,2558,863404
Phitsanulok,TH-52,2559,865759
Phitsanulok,TH-52,2560,865368
Phitsanulok,TH-52,2561,866891
Phitsanulok,TH-52,2562,865247
Phichit,TH-53,2553,552690
Phichit,TH-53,2554,549688
Phichit,TH-53,2555,549395
Phichit,TH-53,2556,548855
Phichit,TH-53,2557,547543
Phichit,TH-53,2558,545957
Phichit,TH-53,2559,543482
Phichit,TH-53,2560,541868
Phichit,TH-53,2561,539374
Phichit,TH-53,2562,536311
Phetchabun,TH-54,2553,996031
Phetchabun,TH-54,2554,990807
Phetchabun,TH-54,2555,993702
Phetchabun,TH-54,2556,994397
Phetchabun,TH-54,2557,995807
Phetchabun,TH-54,2558,996986
Phetchabun,TH-54,2559,995223
Phetchabun,TH-54,2560,995331
Phetchabun,TH-54,2561,994540
Phetchabun,TH-54,2562,992451
Nakhon Ratchasima,TH-55,2553,2582089
Nakhon Ratchasima,TH-55,2554,2585325
Nakhon Ratchasima,TH-55,2555,2601167
Nakhon Ratchasima,TH-55,2556,2610164
Nakhon Ratchasima,TH-55,2557,2620517
Nakhon Ratchasima,TH-55,2558,2628818
Nakhon Ratchasima,TH-55,2559,2631435
Nakhon Ratchasima,TH-55,2560,2639226
Nakhon Ratchasima,TH-55,2561,2646401
Nakhon Ratchasima,TH-55,2562,2648927
Buri Ram,TH-56,2553,1553765
Buri Ram,TH-56,2554,1559085
Buri Ram,TH-56,2555,1566740
Buri Ram,TH-56,2556,1573438
Buri Ram,TH-56,2557,1579248
Buri Ram,TH-56,2558,1584661
Buri Ram,TH-56,2559,1587897
Buri Ram,TH-56,2560,1591905
Buri Ram,TH-56,2561,1594850
Buri Ram,TH-56,2562,1595747
Surin,TH-57,2553,1381761
Surin,TH-57,2554,1380399
Surin,TH-57,2555,1386277
Surin,TH-57,2556,1388194
Surin,TH-57,2557,1391636
Surin,TH-57,2558,1395024
Surin,TH-57,2559,1395567
Surin,TH-57,2560,1397180
Surin,TH-57,2561,1397857
Surin,TH-57,2562,1396831
Si Sa Ket,TH-58,2553,1452471
Si Sa Ket,TH-58,2554,1452203
Si Sa Ket,TH-58,2555,1458370
Si Sa Ket,TH-58,2556,1462028
Si Sa Ket,TH-58,2557,1465213
Si Sa Ket,TH-58,2558,1468798
Si Sa Ket,TH-58,2559,1470341
Si Sa Ket,TH-58,2560,1472031
Si Sa Ket,TH-58,2561,1473011
Si Sa Ket,TH-58,2562,1472859
Ubon Ratchathani,TH-60,2553,1813088
Ubon Ratchathani,TH-60,2554,1816057
Ubon Ratchathani,TH-60,2555,1826920
Ubon Ratchathani,TH-60,2556,1836523
Ubon Ratchathani,TH-60,2557,1844669
Ubon Ratchathani,TH-60,2558,1857429
Ubon Ratchathani,TH-60,2559,1862965
Ubon Ratchathani,TH-60,2560,1869633
Ubon Ratchathani,TH-60,2561,1874548
Ubon Ratchathani,TH-60,2562,1878146
Yasothon,TH-61,2553,539257
Yasothon,TH-61,2554,538853
Yasothon,TH-61,2555,540267
Yasothon,TH-61,2556,540383
Yasothon,TH-61,2557,540211
Yasothon,TH-61,2558,540182
Yasothon,TH-61,2559,539815
Yasothon,TH-61,2560,539542
Yasothon,TH-61,2561,538729
Yasothon,TH-61,2562,537299
Chaiyaphum,TH-62,2553,1127423
Chaiyaphum,TH-62,2554,1127423
Chaiyaphum,TH-62,2555,1133034
Chaiyaphum,TH-62,2556,1135723
Chaiyaphum,TH-62,2557,1137049
Chaiyaphum,TH-62,2558,1138252
Chaiyaphum,TH-62,2559,1138199
Chaiyaphum,TH-62,2560,1139356
Chaiyaphum,TH-62,2561,1138777
Chaiyaphum,TH-62,2562,1137357
Amnat Charoen,TH-63,2553,372137
Amnat Charoen,TH-63,2554,372241
Amnat Charoen,TH-63,2555,373494
Amnat Charoen,TH-63,2556,374698
Amnat Charoen,TH-63,2557,375380
Amnat Charoen,TH-63,2558,376382
Amnat Charoen,TH-63,2559,377120
Amnat Charoen,TH-63,2560,378107
Amnat Charoen,TH-63,2561,378621
Amnat Charoen,TH-63,2562,378438
Bueng Kan,TH-64,2553,
Bueng Kan,TH-64,2554,"407,634"
Bueng Kan,TH-64,2555,"412,613"
Bueng Kan,TH-64,2556,"416,236"
Bueng Kan,TH-64,2557,"418,566"
Bueng Kan,TH-64,2558,"420,647"
Bueng Kan,TH-64,2559,"421,625"
Bueng Kan,TH-64,2560,"423,032"
Bueng Kan,TH-64,2561,"423,940"
Bueng Kan,TH-64,2562,424091
Nong Bua Lam Phu,TH-65,2553,"502,868"
Nong Bua Lam Phu,TH-65,2554,"502,551"
Nong Bua Lam Phu,TH-65,2555,"505,071"
Nong Bua Lam Phu,TH-65,2556,"507,137"
Nong Bua Lam Phu,TH-65,2557,"508,864"
Nong Bua Lam Phu,TH-65,2558,"510,074"
Nong Bua Lam Phu,TH-65,2559,"510,734"
Nong Bua Lam Phu,TH-65,2560,"511,641"
Nong Bua Lam Phu,TH-65,2561,"512,117"
Nong Bua Lam Phu,TH-65,2562,"512,780"
Khon Kaen,TH-66,2553,"1,767,601"
Khon Kaen,TH-66,2554,"1,766,066"
Khon Kaen,TH-66,2555,"1,774,816"
Khon Kaen,TH-66,2556,"1,781,655"
Khon Kaen,TH-66,2557,"1,790,049"
Khon Kaen,TH-66,2558,"1,798,014"
Khon Kaen,TH-66,2559,"1,801,753"
Khon Kaen,TH-66,2560,"1,805,910"
Khon Kaen,TH-66,2561,"1,805,895"
Khon Kaen,TH-66,2562,"1,802,872"
Udon Thani,TH-67,2553,"1,544,786"
Udon Thani,TH-67,2554,"1,548,107"
Udon Thani,TH-67,2555,"1,557,298"
Udon Thani,TH-67,2556,"1,563,964"
Udon Thani,TH-67,2557,"1,570,300"
Udon Thani,TH-67,2558,"1,575,152"
Udon Thani,TH-67,2559,"1,578,783"
Udon Thani,TH-67,2560,"1,583,092"
Udon Thani,TH-67,2561,"1,586,666"
Udon Thani,TH-67,2562,"1,586,646"
Loei,TH-70,2553,"624,066"
Loei,TH-70,2554,"624,920"
Loei,TH-70,2555,"629,787"
Loei,TH-70,2556,"632,205"
Loei,TH-70,2557,"634,513"
Loei,TH-70,2558,"638,819"
Loei,TH-70,2559,"639,801"
Loei,TH-70,2560,"641,666"
Loei,TH-70,2561,"642,773"
Loei,TH-70,2562,"642,950"
Nong Khai,TH-71,2553,"912,937"
Nong Khai,TH-71,2554,"509,870"
Nong Khai,TH-71,2555,"512,439"
Nong Khai,TH-71,2556,"514,943"
Nong Khai,TH-71,2557,"517,260"
Nong Khai,TH-71,2558,"519,580"
Nong Khai,TH-71,2559,"520,363"
Nong Khai,TH-71,2560,"521,886"
Nong Khai,TH-71,2561,"522,103"
Nong Khai,TH-71,2562,"522,311"
Maha Sarakham,TH-72,2553,"940,911"
Maha Sarakham,TH-72,2554,"939,736"
Maha Sarakham,TH-72,2555,"945,149"
Maha Sarakham,TH-72,2556,"955,644"
Maha Sarakham,TH-72,2557,"960,588"
Maha Sarakham,TH-72,2558,"964,596"
Maha Sarakham,TH-72,2559,"963,484"
Maha Sarakham,TH-72,2560,"963,072"
Maha Sarakham,TH-72,2561,"963,047"
Maha Sarakham,TH-72,2562,"962,665"
Roi Et,TH-73,2553,"1,309,708"
Roi Et,TH-73,2554,"1,305,058"
Roi Et,TH-73,2555,"1,308,570"
Roi Et,TH-73,2556,"1,308,958"
Roi Et,TH-73,2557,"1,308,318"
Roi Et,TH-73,2558,"1,308,166"
Roi Et,TH-73,2559,"1,307,982"
Roi Et,TH-73,2560,"1,307,911"
Roi Et,TH-73,2561,"1,307,208"
Roi Et,TH-73,2562,"1,305,211"
Kalasin,TH-74,2553,"982,578"
Kalasin,TH-74,2554,"981,655"
Kalasin,TH-74,2555,"985,084"
Kalasin,TH-74,2556,"984,030"
Kalasin,TH-74,2557,"984,907"
Kalasin,TH-74,2558,"985,203"
Kalasin,TH-74,2559,"985,232"
Kalasin,TH-74,2560,"986,005"
Kalasin,TH-74,2561,"985,346"
Kalasin,TH-74,2562,"983,418"
Sakon Nakhon,TH-75,2553,"1,122,905"
Sakon Nakhon,TH-75,2554,"1,123,351"
Sakon Nakhon,TH-75,2555,"1,129,174"
Sakon Nakhon,TH-75,2556,"1,134,322"
Sakon Nakhon,TH-75,2557,"1,138,609"
Sakon Nakhon,TH-75,2558,"1,142,737"
Sakon Nakhon,TH-75,2559,"1,145,949"
Sakon Nakhon,TH-75,2560,"1,149,472"
Sakon Nakhon,TH-75,2561,"1,152,282"
Sakon Nakhon,TH-75,2562,"1,153,390"
Nakhon Phanom,TH-76,2553,"703,392"
Nakhon Phanom,TH-76,2554,"704,768"
Nakhon Phanom,TH-76,2555,"708,350"
Nakhon Phanom,TH-76,2556,"710,860"
Nakhon Phanom,TH-76,2557,"713,341"
Nakhon Phanom,TH-76,2558,"715,399"
Nakhon Phanom,TH-76,2559,"716,873"
Nakhon Phanom,TH-76,2560,"718,028"
Nakhon Phanom,TH-76,2561,"718,786"
Nakhon Phanom,TH-76,2562,"719,136"
Mukdahan,TH-77,2553,"339,575"
Mukdahan,TH-77,2554,"340,581"
Mukdahan,TH-77,2555,"342,868"
Mukdahan,TH-77,2556,"344,302"
Mukdahan,TH-77,2557,"346,016"
Mukdahan,TH-77,2558,"348,101"
Mukdahan,TH-77,2559,"349,474"
Mukdahan,TH-77,2560,"350,782"
Mukdahan,TH-77,2561,"352,282"
Mukdahan,TH-77,2562,"353,174"
Nakhon Si Thammarat,TH-80,2553,"1,522,561"
Nakhon Si Thammarat,TH-80,2554,"1,526,071"
Nakhon Si Thammarat,TH-80,2555,"1,534,887"
Nakhon Si Thammarat,TH-80,2556,"1,541,843"
Nakhon Si Thammarat,TH-80,2557,"1,548,028"
Nakhon Si Thammarat,TH-80,2558,"1,552,530"
Nakhon Si Thammarat,TH-80,2559,"1,554,432"
Nakhon Si Thammarat,TH-80,2560,"1,557,482"
Nakhon Si Thammarat,TH-80,2561,"1,560,433"
Nakhon Si Thammarat,TH-80,2562,"1,561,927"
Krabi,TH-81,2553,"432,704"
Krabi,TH-81,2554,"438,039"
Krabi,TH-81,2555,"444,967"
Krabi,TH-81,2556,"450,890"
Krabi,TH-81,2557,"456,811"
Krabi,TH-81,2558,"462,101"
Krabi,TH-81,2559,"465,931"
Krabi,TH-81,2560,"469,769"
Krabi,TH-81,2561,"473,738"
Krabi,TH-81,2562,"476,739"
Phangnga,TH-82,2553,"253,112"
Phangnga,TH-82,2554,"254,931"
Phangnga,TH-82,2555,"257,493"
Phangnga,TH-82,2556,"259,420"
Phangnga,TH-82,2557,"261,370"
Phangnga,TH-82,2558,"264,074"
Phangnga,TH-82,2559,"265,579"
Phangnga,TH-82,2560,"267,491"
Phangnga,TH-82,2561,"268,240"
Phangnga,TH-82,2562,"268,788"
Phuket,TH-83,2553,"345,067"
Phuket,TH-83,2554,"353,847"
Phuket,TH-83,2555,"360,905"
Phuket,TH-83,2556,"369,522"
Phuket,TH-83,2557,"378,364"
Phuket,TH-83,2558,"386,605"
Phuket,TH-83,2559,"394,169"
Phuket,TH-83,2560,"402,017"
Phuket,TH-83,2561,"410,211"
Phuket,TH-83,2562,"416,582"
Surat Thani,TH-84,2553,"1,000,383"
Surat Thani,TH-84,2554,"1,012,064"
Surat Thani,TH-84,2555,"1,023,288"
Surat Thani,TH-84,2556,"1,031,812"
Surat Thani,TH-84,2557,"1,040,230"
Surat Thani,TH-84,2558,"1,046,772"
Surat Thani,TH-84,2559,"1,050,913"
Surat Thani,TH-84,2560,"1,057,581"
Surat Thani,TH-84,2561,"1,063,501"
Surat Thani,TH-84,2562,"1,068,010"
Ranong,TH-85,2553,"183,079"
Ranong,TH-85,2554,"183,849"
Ranong,TH-85,2555,"182,648"
Ranong,TH-85,2556,"174,776"
Ranong,TH-85,2557,"177,089"
Ranong,TH-85,2558,"187,536"
Ranong,TH-85,2559,"189,154"
Ranong,TH-85,2560,"190,399"
Ranong,TH-85,2561,"191,868"
Ranong,TH-85,2562,"193,370"
Chumphon,TH-86,2553,"489,964"
Chumphon,TH-86,2554,"492,182"
Chumphon,TH-86,2555,"495,310"
Chumphon,TH-86,2556,"498,294"
Chumphon,TH-86,2557,"500,575"
Chumphon,TH-86,2558,"505,830"
Chumphon,TH-86,2559,"507,604"
Chumphon,TH-86,2560,"509,650"
Chumphon,TH-86,2561,"510,963"
Chumphon,TH-86,2562,"511,304"
Songkhla,TH-90,2553,"1,357,023"
Songkhla,TH-90,2554,"1,367,010"
Songkhla,TH-90,2555,"1,378,574"
Songkhla,TH-90,2556,"1,389,890"
Songkhla,TH-90,2557,"1,401,303"
Songkhla,TH-90,2558,"1,410,577"
Songkhla,TH-90,2559,"1,417,440"
Songkhla,TH-90,2560,"1,424,230"
Songkhla,TH-90,2561,"1,432,628"
Songkhla,TH-90,2562,"1,435,968"
Satun,TH-91,2553,"297,163"
Satun,TH-91,2554,"301,467"
Satun,TH-91,2555,"305,879"
Satun,TH-91,2556,"309,793"
Satun,TH-91,2557,"312,673"
Satun,TH-91,2558,"315,923"
Satun,TH-91,2559,"317,612"
Satun,TH-91,2560,"319,700"
Satun,TH-91,2561,"321,574"
Satun,TH-91,2562,"323,586"
Trang,TH-92,2553,"622,659"
Trang,TH-92,2554,"626,708"
Trang,TH-92,2555,"631,920"
Trang,TH-92,2556,"636,043"
Trang,TH-92,2557,"638,746"
Trang,TH-92,2558,"640,793"
Trang,TH-92,2559,"641,684"
Trang,TH-92,2560,"643,072"
Trang,TH-92,2561,"643,116"
Trang,TH-92,2562,"643,164"
Phatthalung,TH-93,2553,"509,534"
Phatthalung,TH-93,2554,"511,063"
Phatthalung,TH-93,2555,"514,492"
Phatthalung,TH-93,2556,"518,021"
Phatthalung,TH-93,2557,"520,419"
Phatthalung,TH-93,2558,"522,723"
Phatthalung,TH-93,2559,"523,723"
Phatthalung,TH-93,2560,"524,857"
Phatthalung,TH-93,2561,"525,044"
Phatthalung,TH-93,2562,"524,865"
Pattani,TH-94,2553,"655,259"
Pattani,TH-94,2554,"663,485"
Pattani,TH-94,2555,"671,615"
Pattani,TH-94,2556,"678,838"
Pattani,TH-94,2557,"686,186"
Pattani,TH-94,2558,"694,023"
Pattani,TH-94,2559,"700,961"
Pattani,TH-94,2560,"709,796"
Pattani,TH-94,2561,"718,077"
Pattani,TH-94,2562,"725,104"
Yala,TH-95,2553,"487,380"
Yala,TH-95,2554,"493,767"
Yala,TH-95,2555,"500,814"
Yala,TH-95,2556,"506,138"
Yala,TH-95,2557,"511,911"
Yala,TH-95,2558,"518,139"
Yala,TH-95,2559,"522,279"
Yala,TH-95,2560,"527,295"
Yala,TH-95,2561,"532,326"
Yala,TH-95,2562,"536,330"
Narathiwat,TH-96,2553,"737,162"
Narathiwat,TH-96,2554,"747,372"
Narathiwat,TH-96,2555,"757,397"
Narathiwat,TH-96,2556,"766,145"
Narathiwat,TH-96,2557,"774,799"
Narathiwat,TH-96,2558,"783,082"
Narathiwat,TH-96,2559,"789,681"
Narathiwat,TH-96,2560,"796,239"
Narathiwat,TH-96,2561,"802,474"
Narathiwat,TH-96,2562,"808,020"
Nonthaburi,TH-12,2553,"1,101,743"
Nonthaburi,TH-12,2554,"1,122,627"
Nonthaburi,TH-12,2555,"1,141,673"
Nonthaburi,TH-12,2556,"1,156,271"
Nonthaburi,TH-12,2557,"1,173,870"
Nonthaburi,TH-12,2558,"1,193,711"
Nonthaburi,TH-12,2559,"1,211,924"
Nonthaburi,TH-12,2560,"1,229,735"
Nonthaburi,TH-12,2561,"1,246,295"
Nonthaburi,TH-12,2562,"1,265,387"